Model,R2_Untuned,RMSE_Untuned,MAE_Untuned
LinearRegression,0.6137542297107382,45.915754254809585,37.66534711716755
GradientBoosting,0.5401454965883236,50.100271170767975,40.39249040582686
MLP,0.5296379567822449,50.66942648795472,41.741147079062394
RandomForest,0.508269038956614,51.807618787852064,42.408804934999964
KNN,0.38399150225347645,57.98600733800552,47.36529079999998
SVR,0.21457640525947952,65.47595271416658,52.98854898320087
